SQL> set pages 200 lines 200;
SQL> SELECT ENAME
  2  FROM EMP
  3  WHERE SAL >( SELECT SAL
  4               FROM EMP
  5               WHERE ENAME = 'ADAMS');

ENAME                                                                                                                                                                                                   
----------                                                                                                                                                                                              
ALLEN                                                                                                                                                                                                   
WARD                                                                                                                                                                                                    
JONES                                                                                                                                                                                                   
MARTIN                                                                                                                                                                                                  
BLAKE                                                                                                                                                                                                   
CLARK                                                                                                                                                                                                   
SCOTT                                                                                                                                                                                                   
KING                                                                                                                                                                                                    
TURNER                                                                                                                                                                                                  
FORD                                                                                                                                                                                                    
MILLER                                                                                                                                                                                                  

11 rows selected.

SQL> --Q2
SQL> SELECT ENAME, SAL
  2  FROM EMP
  3  WHERE SAL< ( SELECT SAL
  4               FROM EMP
  5               WHERE ENAME = 'KING');

ENAME             SAL                                                                                                                                                                                   
---------- ----------                                                                                                                                                                                   
SMITH             800                                                                                                                                                                                   
ALLEN            1600                                                                                                                                                                                   
WARD             1250                                                                                                                                                                                   
JONES            2975                                                                                                                                                                                   
MARTIN           1250                                                                                                                                                                                   
BLAKE            2850                                                                                                                                                                                   
CLARK            2450                                                                                                                                                                                   
SCOTT            3000                                                                                                                                                                                   
TURNER           1500                                                                                                                                                                                   
ADAMS            1100                                                                                                                                                                                   
JAMES             950                                                                                                                                                                                   
FORD             3000                                                                                                                                                                                   
MILLER           1300                                                                                                                                                                                   

13 rows selected.

SQL> --Q3
SQL> SELECT ENAME, DEPTNO
  2  FROM EMP
  3  WHERE DEPTNO = (SELECT DEPTNO
  4                  FROM EMP
  5                  WHERE ENAME = 'JONES');

ENAME          DEPTNO                                                                                                                                                                                   
---------- ----------                                                                                                                                                                                   
SMITH              20                                                                                                                                                                                   
JONES              20                                                                                                                                                                                   
SCOTT              20                                                                                                                                                                                   
ADAMS              20                                                                                                                                                                                   
FORD               20                                                                                                                                                                                   

SQL> --Q4
SQL> SELECT ENAME, JOB
  2  FROM EMP
  3  WHERE JOB = (SELECT JOB
  4               FROM EMP
  5               WHERE ENAME = 'JAMES');

ENAME      JOB                                                                                                                                                                                          
---------- ---------                                                                                                                                                                                    
SMITH      CLERK                                                                                                                                                                                        
ADAMS      CLERK                                                                                                                                                                                        
JAMES      CLERK                                                                                                                                                                                        
MILLER     CLERK                                                                                                                                                                                        

SQL> --Q5
SQL> SELECT EMPNO,ENAME,SAL*12
  2  FROM EMP
  3  WHERE SAL*12> (SELECT SAL*12
  4                 FROM EMP
  5                 WHERE ENAME = 'WARDS');

no rows selected

SQL> --Q6
SQL> SELECT ENAME, HIREDATE
  2  FROM EMP
  3  WHERE HIREDATE <(SELECT HIREDATE
  4                   FROM EMP
  5                   WHERE ENAME = 'SCOTT');

ENAME      HIREDATE                                                                                                                                                                                     
---------- ---------                                                                                                                                                                                    
SMITH      17-DEC-80                                                                                                                                                                                    
ALLEN      20-FEB-81                                                                                                                                                                                    
WARD       22-FEB-81                                                                                                                                                                                    
JONES      02-APR-81                                                                                                                                                                                    
MARTIN     28-SEP-81                                                                                                                                                                                    
BLAKE      01-MAY-81                                                                                                                                                                                    
CLARK      09-JUN-81                                                                                                                                                                                    
KING       17-NOV-81                                                                                                                                                                                    
TURNER     08-SEP-81                                                                                                                                                                                    
JAMES      03-DEC-81                                                                                                                                                                                    
FORD       03-DEC-81                                                                                                                                                                                    
MILLER     23-JAN-82                                                                                                                                                                                    

12 rows selected.

SQL> --Q7
SQL> SELECT ENAME, HIREDATE
  2  FROM EMP
  3  WHERE HIREDATE> (SELECT HIREDATE
  4                   FROM EMP
  5                   WHERE JOB = 'PRESIDENT');

ENAME      HIREDATE                                                                                                                                                                                     
---------- ---------                                                                                                                                                                                    
SCOTT      19-APR-87                                                                                                                                                                                    
ADAMS      23-MAY-87                                                                                                                                                                                    
JAMES      03-DEC-81                                                                                                                                                                                    
FORD       03-DEC-81                                                                                                                                                                                    
MILLER     23-JAN-82                                                                                                                                                                                    

SQL> --Q8
SQL> SELECT ENAME ,SAL
  2  FROM EMP
  3  WHERE SAL <(SELECT SAL
  4              FROM EMP
  5              WHERE EMPNO = 7839);

ENAME             SAL                                                                                                                                                                                   
---------- ----------                                                                                                                                                                                   
SMITH             800                                                                                                                                                                                   
ALLEN            1600                                                                                                                                                                                   
WARD             1250                                                                                                                                                                                   
JONES            2975                                                                                                                                                                                   
MARTIN           1250                                                                                                                                                                                   
BLAKE            2850                                                                                                                                                                                   
CLARK            2450                                                                                                                                                                                   
SCOTT            3000                                                                                                                                                                                   
TURNER           1500                                                                                                                                                                                   
ADAMS            1100                                                                                                                                                                                   
JAMES             950                                                                                                                                                                                   
FORD             3000                                                                                                                                                                                   
MILLER           1300                                                                                                                                                                                   

13 rows selected.

SQL> --Q9
SQL> SELECT *
  2  FROM EMP
  3  WHERE HIREDATE<(SELECT HIREDATE
  4                  FROM EMP
  5                  WHERE ENAME = 'MILLER');

     EMPNO ENAME      JOB              MGR HIREDATE         SAL       COMM     DEPTNO                                                                                                                   
---------- ---------- --------- ---------- --------- ---------- ---------- ----------                                                                                                                   
      7369 SMITH      CLERK           7902 17-DEC-80        800                    20                                                                                                                   
      7499 ALLEN      SALESMAN        7698 20-FEB-81       1600        300         30                                                                                                                   
      7521 WARD       SALESMAN        7698 22-FEB-81       1250        500         30                                                                                                                   
      7566 JONES      MANAGER         7839 02-APR-81       2975                    20                                                                                                                   
      7654 MARTIN     SALESMAN        7698 28-SEP-81       1250       1400         30                                                                                                                   
      7698 BLAKE      MANAGER         7839 01-MAY-81       2850                    30                                                                                                                   
      7782 CLARK      MANAGER         7839 09-JUN-81       2450                    10                                                                                                                   
      7839 KING       PRESIDENT            17-NOV-81       5000                    10                                                                                                                   
      7844 TURNER     SALESMAN        7698 08-SEP-81       1500          0         30                                                                                                                   
      7900 JAMES      CLERK           7698 03-DEC-81        950                    30                                                                                                                   
      7902 FORD       ANALYST         7566 03-DEC-81       3000                    20                                                                                                                   

11 rows selected.

SQL> --Q10
SQL> SELECT ENAME, EMPNO
  2  FROM EMP
  3  WHERE SAL >( SELECT SAL
  4               FROM EMP
  5               WHERE ENAME= 'ALLEN');

ENAME           EMPNO                                                                                                                                                                                   
---------- ----------                                                                                                                                                                                   
JONES            7566                                                                                                                                                                                   
BLAKE            7698                                                                                                                                                                                   
CLARK            7782                                                                                                                                                                                   
SCOTT            7788                                                                                                                                                                                   
KING             7839                                                                                                                                                                                   
FORD             7902                                                                                                                                                                                   

6 rows selected.

SQL> --Q11
SQL> SELECT ENAME, SAL
  2  FROM EMPO
  3  ED
  4  
SQL> 
SQL> SELECT ENAME, SAL
  2  FROM EMP
  3  WHERE SAL>(SELECT SAL
  4             FROM EMP
  5             WHERE ENAME = 'MILLER') AND
  6        SAL<(SELECT SAL
  7             FROM EMP
  8             WHERE ENAME = 'ALLEN');

ENAME             SAL                                                                                                                                                                                   
---------- ----------                                                                                                                                                                                   
TURNER           1500                                                                                                                                                                                   

SQL> --Q12
SQL> SELECT *
  2  FROM EMP
  3  WHERE DEPTNO = 20 AND JOB= (SELECT JOB
  4                              FROM EMP
  5                              WHERE ENAME = 'SMITH');

     EMPNO ENAME      JOB              MGR HIREDATE         SAL       COMM     DEPTNO                                                                                                                   
---------- ---------- --------- ---------- --------- ---------- ---------- ----------                                                                                                                   
      7369 SMITH      CLERK           7902 17-DEC-80        800                    20                                                                                                                   
      7876 ADAMS      CLERK           7788 23-MAY-87       1100                    20                                                                                                                   

SQL> --Q13
SQL> SELECT *
  2  FROM EMP
  3  WHERE JOB = 'MANAGER' AND DEPTNO = (SELECT DEPTNO
  4                                      FROM EMP
  5                                      WHERE ENAME = 'TURNER');

     EMPNO ENAME      JOB              MGR HIREDATE         SAL       COMM     DEPTNO                                                                                                                   
---------- ---------- --------- ---------- --------- ---------- ---------- ----------                                                                                                                   
      7698 BLAKE      MANAGER         7839 01-MAY-81       2850                    30                                                                                                                   

SQL> --Q14
SQL> SELECT ENAME, HIREDATE
  2  FROM EMP
  3  WHERE HIRDATE > '01-JAN-01' AND HIREDATE < (SELECT HIREDATE
  4                                              FROM EMP
  5                                              WHERE ENAME = 'KING');
WHERE HIRDATE > '01-JAN-01' AND HIREDATE < (SELECT HIREDATE
      *
ERROR at line 3:
ORA-00904: "HIRDATE": invalid identifier 


SQL> ED
Wrote file afiedt.buf

  1  SELECT ENAME, HIREDATE
  2  FROM EMP
  3  WHERE HIREDATE > '01-JAN-01' AND HIREDATE < (SELECT HIREDATE
  4                                              FROM EMP
  5*                                             WHERE ENAME = 'KING')
SQL> /

no rows selected

SQL> ED
Wrote file afiedt.buf

  1  SELECT ENAME, HIREDATE
  2  FROM EMP
  3  WHERE HIREDATE > '01-JAN-81' AND HIREDATE < (SELECT HIREDATE
  4                                              FROM EMP
  5*                                             WHERE ENAME = 'KING')
SQL> /

ENAME      HIREDATE                                                                                                                                                                                     
---------- ---------                                                                                                                                                                                    
ALLEN      20-FEB-81                                                                                                                                                                                    
WARD       22-FEB-81                                                                                                                                                                                    
JONES      02-APR-81                                                                                                                                                                                    
MARTIN     28-SEP-81                                                                                                                                                                                    
BLAKE      01-MAY-81                                                                                                                                                                                    
CLARK      09-JUN-81                                                                                                                                                                                    
TURNER     08-SEP-81                                                                                                                                                                                    

7 rows selected.

SQL> --Q15
SQL> SELECT ENAME, SAL, SAL*12 AS ANNUAL_SAL
  2  FROM EMP
  3  WHERE SAL<(SELECT SAL
  4             FROM EMP
  5             WHERE ENAME = 'BLAKE') AND SAL> 3500;

no rows selected

SQL> Q16
SP2-0042: unknown command "Q16" - rest of line ignored.
SQL> --Q16
SQL> SELECT *
  2  FROM EMP
  3  WHERE SAL >(SELECT SAL
  4              FROM EMP
  5              WHERE ENAME = 'SCOTT') AND
  6        SAL <( SELECT SAL
  7               FROM EMP
  8               WHERE ENAME ='KING');

no rows selected

SQL> --Q17
SQL> SELECT ENAME
  2  FROM ENAME
  3  WHERE ENAME LIKE 'A%' AND DEPTNO = (SELECT DEPTNO
  4                                      FROM EMP
  5                                      WHERE ENAME = 'BLAKE');
FROM ENAME
     *
ERROR at line 2:
ORA-00942: table or view does not exist 


SQL> ED
Wrote file afiedt.buf

  1  SELECT ENAME
  2  FROM EMP
  3  WHERE ENAME LIKE 'A%' AND DEPTNO = (SELECT DEPTNO
  4                                      FROM EMP
  5*                                     WHERE ENAME = 'BLAKE')
SQL> /

ENAME                                                                                                                                                                                                   
----------                                                                                                                                                                                              
ALLEN                                                                                                                                                                                                   

SQL> --Q18
SQL> SELECT ENAME, COMM
  2  FROM EMP
  3  WHERE COMM IS NOT NULL AND JOB = (SELECT JOB
  4                                    FROM EMP
  5                                    WHERE ENAME = 'SMITH');

no rows selected

SQL> --Q19
SQL> SELECT *
  2  FROM EMP
  3  WHERE JOB = 'CLERK' AND DEPTNO = (SELECT DEPTNO
  4                                    FROM EMP
  5                                    WHERE ENAME = 'TURNER');

     EMPNO ENAME      JOB              MGR HIREDATE         SAL       COMM     DEPTNO                                                                                                                   
---------- ---------- --------- ---------- --------- ---------- ---------- ----------                                                                                                                   
      7900 JAMES      CLERK           7698 03-DEC-81        950                    30                                                                                                                   

SQL> --Q20
SQL> SELECT ENAME, SAL, JOB
  2  FROM EMP
  3  WHERE SAL*12> (SELECT SAL*12
  4                 FROM EMP
  5                 WHERE ENAME = 'SMITH') AND
  6        SAL*12 < (SELECT SAL*12
  7                  FROM EMP
  8                  WHERE ENAME = 'KING');

ENAME             SAL JOB                                                                                                                                                                               
---------- ---------- ---------                                                                                                                                                                         
ALLEN            1600 SALESMAN                                                                                                                                                                          
WARD             1250 SALESMAN                                                                                                                                                                          
JONES            2975 MANAGER                                                                                                                                                                           
MARTIN           1250 SALESMAN                                                                                                                                                                          
BLAKE            2850 MANAGER                                                                                                                                                                           
CLARK            2450 MANAGER                                                                                                                                                                           
SCOTT            3000 ANALYST                                                                                                                                                                           
TURNER           1500 SALESMAN                                                                                                                                                                          
ADAMS            1100 CLERK                                                                                                                                                                             
JAMES             950 CLERK                                                                                                                                                                             
FORD             3000 ANALYST                                                                                                                                                                           
MILLER           1300 CLERK                                                                                                                                                                             

12 rows selected.

SQL> SPOOL OFF;
