SQL> ---1----
     SELECT *
  2  FROM EMP
  3  WHERE ENAME LIKE 'P%';

no rows selected

SQL> ---2----
  SELECT *
  2  FROM EMP;

     EMPNO ENAME      JOB              MGR HIREDATE         SAL       COMM     DEPTNO                                                                                                                   
---------- ---------- --------- ---------- --------- ---------- ---------- ----------                                                                                                                   
      7369 SMITH      CLERK           7902 17-DEC-80        800                    20                                                                                                                   
      7499 ALLEN      SALESMAN        7698 20-FEB-81       1600        300         30                                                                                                                   
      7521 WARD       SALESMAN        7698 22-FEB-81       1250        500         30                                                                                                                   
      7566 JONES      MANAGER         7839 02-APR-81       2975                    20                                                                                                                   
      7654 MARTIN     SALESMAN        7698 28-SEP-81       1250       1400         30                                                                                                                   
      7698 BLAKE      MANAGER         7839 01-MAY-81       2850                    30                                                                                                                   
      7782 CLARK      MANAGER         7839 09-JUN-81       2450                    10                                                                                                                   
      7788 SCOTT      ANALYST         7566 19-APR-87       3000                    20                                                                                                                   
      7839 KING       PRESIDENT            17-NOV-81       5000                    10                                                                                                                   
      7844 TURNER     SALESMAN        7698 08-SEP-81       1500          0         30                                                                                                                   
      7876 ADAMS      CLERK           7788 23-MAY-87       1100                    20                                                                                                                   
      7900 JAMES      CLERK           7698 03-DEC-81        950                    30                                                                                                                   
      7902 FORD       ANALYST         7566 03-DEC-81       3000                    20                                                                                                                   
      7934 MILLER     CLERK           7782 23-JAN-82       1300                    10                                                                                                                   

14 rows selected.

SQL>-----3------

  1  SELECT *
  2  FROM EMP
  3* WHERE JOB IN('CLERK','ANALYST') AND DEPTNO IN(10,20)
SQL> /

     EMPNO ENAME      JOB              MGR HIREDATE         SAL       COMM     DEPTNO                                                                                                                   
---------- ---------- --------- ---------- --------- ---------- ---------- ----------                                                                                                                   
      7369 SMITH      CLERK           7902 17-DEC-80        800                    20                                                                                                                   
      7788 SCOTT      ANALYST         7566 19-APR-87       3000                    20                                                                                                                   
      7876 ADAMS      CLERK           7788 23-MAY-87       1100                    20                                                                                                                   
      7902 FORD       ANALYST         7566 03-DEC-81       3000                    20                                                                                                                   
      7934 MILLER     CLERK           7782 23-JAN-82       1300                    10                                                                                                                   

SQL> -----4------
     SELECT DNAME
  2  FROM DEPT
  3  WHERE LOC=' ' AND DNAME LIKE '%EE%';

no rows selected


SQL> ---5------
     SELECT DNAME
  2  FROM DEPT
  3  WHERE LOC=' ' AND DNAME LIKE '%E%E%';

no rows selected

SQL> ---6----- 
     SELECT *
  2  FROM EMP
  3  WHERE JOB LIKE '%A%A%' AND SAL BETWEEN 1200 AND 2800 AND DEPTNO IN(10,20);

     EMPNO ENAME      JOB              MGR HIREDATE         SAL       COMM     DEPTNO                                                                                                                   
---------- ---------- --------- ---------- --------- ---------- ---------- ----------                                                                                                                   
      7782 CLARK      MANAGER         7839 09-JUN-81       2450                    10                                                                                                                   



SQL> -----7----
  1  SELECT *
  2  FROM EMP
  3* WHERE COMM=NULL AND JOB NOT IN('CLERK','MANAGER') AND HIREDATE LIKE '%81%' AND SAL >1500
SQL> /

no rows selected

SQL> ----8----
     SELECT *
  2  FROM EMP
  3  WHERE ENAME LIKE'_____' AND HIREDATE LIKE '%80&' OR HIREDATE LIKE '%81%' AND SAL BETWEEN 800 AND 2000AND DEPTNO IN (30,40);

     EMPNO ENAME      JOB              MGR HIREDATE         SAL       COMM     DEPTNO                                                                                                                   
---------- ---------- --------- ---------- --------- ---------- ---------- ----------                                                                                                                   
      7499 ALLEN      SALESMAN        7698 20-FEB-81       1600        300         30                                                                                                                   
      7521 WARD       SALESMAN        7698 22-FEB-81       1250        500         30                                                                                                                   
      7654 MARTIN     SALESMAN        7698 28-SEP-81       1250       1400         30                                                                                                                   
      7844 TURNER     SALESMAN        7698 08-SEP-81       1500          0         30                                                                                                                   
      7900 JAMES      CLERK           7698 03-DEC-81        950                    30                                                                                                                   


SQL> ----9------
     SELECT *
  2  FROM EMP
  3  WHERE ENAME LIKE '____';

     EMPNO ENAME      JOB              MGR HIREDATE         SAL       COMM     DEPTNO                                                                                                                   
---------- ---------- --------- ---------- --------- ---------- ---------- ----------                                                                                                                   
      7521 WARD       SALESMAN        7698 22-FEB-81       1250        500         30                                                                                                                   
      7839 KING       PRESIDENT            17-NOV-81       5000                    10                                                                                                                   
      7902 FORD       ANALYST         7566 03-DEC-81       3000                    20                                                                                                                   

SQL> ----10------
     SELECT *
  2  FROM EMP
  3  WHERE ENAME LIKE '__A__' OR ENAME LIKE '__E__' OR ENAME LIKE '__I__' OR ENAME LIKE '__O__' OR ENAME LIKE '__U__';

     EMPNO ENAME      JOB              MGR HIREDATE         SAL       COMM     DEPTNO                                                                                                                   
---------- ---------- --------- ---------- --------- ---------- ---------- ----------                                                                                                                   
      7369 SMITH      CLERK           7902 17-DEC-80        800                    20                                                                                                                   
      7698 BLAKE      MANAGER         7839 01-MAY-81       2850                    30                                                                                                                   
      7782 CLARK      MANAGER         7839 09-JUN-81       2450                    10                                                                                                                   
      7788 SCOTT      ANALYST         7566 19-APR-87       3000                    20                                                                                                                   
      7876 ADAMS      CLERK           7788 23-MAY-87       1100                    20                                                                                                                   

SQL> -----11-----
     SELECT *
  2  FROM EMP
  3  WHERE ENAME LIKE '%@__@%' ESCAPE '@';

no rows selected

SQL> ----12-----
  1  SELECT *
  2  FROM EMP
  3  WHERE ENAME LIKE 'S%' AND (ENAME NOT LIKE '%A' OR ENAME NOT LIKE '%E' OR ENAME NOT LIKE '%I' OR
  4* ENAME NOT LIKE '%O'OR ENAME NOT LIKE '%U')
SQL> /

     EMPNO ENAME      JOB              MGR HIREDATE         SAL       COMM     DEPTNO                                                                                                                   
---------- ---------- --------- ---------- --------- ---------- ---------- ----------                                                                                                                   
      7369 SMITH      CLERK           7902 17-DEC-80        800                    20                                                                                                                   
      7788 SCOTT      ANALYST         7566 19-APR-87       3000                    20                                                                                                                   
 


SQL>---13---
  1   SELECT *
  2   FROM EMP
  3*  WHERE ENAME LIKE '%''' 
SQL> /

no rows selected

SQL> ---14----

  1  SELECT ENAME
  2  FROM emp
  3  GROUP BY ename
  4* HAVING COUNT(empno) = 1
SQL> /

ENAME                                                                                                                                                                                                   
----------                                                                                                                                                                                              
ALLEN                                                                                                                                                                                                   
JONES                                                                                                                                                                                                   
FORD                                                                                                                                                                                                    
CLARK                                                                                                                                                                                                   
MILLER                                                                                                                                                                                                  
SMITH                                                                                                                                                                                                   
WARD                                                                                                                                                                                                    
MARTIN                                                                                                                                                                                                  
SCOTT                                                                                                                                                                                                   
TURNER                                                                                                                                                                                                  
ADAMS                                                                                                                                                                                                   
BLAKE                                                                                                                                                                                                   
KING                                                                                                                                                                                                    
JAMES                                                                                                                                                                                                   

14 rows selected.


SQL> ---15----
     SELECT *
  2  FROM EMP
  3  WHERE MGR LIKE'%8';

     EMPNO ENAME      JOB              MGR HIREDATE         SAL       COMM     DEPTNO                                                                                                                   
---------- ---------- --------- ---------- --------- ---------- ---------- ----------                                                                                                                   
      7499 ALLEN      SALESMAN        7698 20-FEB-81       1600        300         30                                                                                                                   
      7521 WARD       SALESMAN        7698 22-FEB-81       1250        500         30                                                                                                                   
      7654 MARTIN     SALESMAN        7698 28-SEP-81       1250       1400         30                                                                                                                   
      7844 TURNER     SALESMAN        7698 08-SEP-81       1500          0         30                                                                                                                   
      7876 ADAMS      CLERK           7788 23-MAY-87       1100                    20                                                                                                                   
      7900 JAMES      CLERK           7698 03-DEC-81        950                    30                                                                                                                   

6 rows selected.

SQL> ---16----
  1  SELECT *
  2  FROM EMP
  3* WHERE JOB='SALESMAN' AND SAL BETWEEN 1500 AND 3000
SQL> /

     EMPNO ENAME      JOB              MGR HIREDATE         SAL       COMM     DEPTNO                                                                                                                   
---------- ---------- --------- ---------- --------- ---------- ---------- ----------                                                                                                                   
      7499 ALLEN      SALESMAN        7698 20-FEB-81       1600        300         30                                                                                                                   
      7844 TURNER     SALESMAN        7698 08-SEP-81       1500          0         30                                                                                                                   

SQL>----17-----
     SELECT *
  2  FROM EMP
  3  WHERE JOB IN('MANAGER','SALESMAN') AND DEPTNO IN(10,20,30) AND JOB NOT IN('CLERK');

     EMPNO ENAME      JOB              MGR HIREDATE         SAL       COMM     DEPTNO                                                                                                                   
---------- ---------- --------- ---------- --------- ---------- ---------- ----------                                                                                                                   
      7499 ALLEN      SALESMAN        7698 20-FEB-81       1600        300         30                                                                                                                   
      7521 WARD       SALESMAN        7698 22-FEB-81       1250        500         30                                                                                                                   
      7566 JONES      MANAGER         7839 02-APR-81       2975                    20                                                                                                                   
      7654 MARTIN     SALESMAN        7698 28-SEP-81       1250       1400         30                                                                                                                   
      7698 BLAKE      MANAGER         7839 01-MAY-81       2850                    30                                                                                                                   
      7782 CLARK      MANAGER         7839 09-JUN-81       2450                    10                                                                                                                   
      7844 TURNER     SALESMAN        7698 08-SEP-81       1500          0         30                                                                                                                   

7 rows selected.

SQL> ---18----
  1  SELECT *
  2  FROM EMP
  3* WHERE JOB IN('MANAGER','SALESMAN') AND DEPTNO IN(20,30) AND SAL BETWEEN 1000 AND 3000
SQL> /

     EMPNO ENAME      JOB              MGR HIREDATE         SAL       COMM     DEPTNO                                                                                                                   
---------- ---------- --------- ---------- --------- ---------- ---------- ----------                                                                                                                   
      7499 ALLEN      SALESMAN        7698 20-FEB-81       1600        300         30                                                                                                                   
      7521 WARD       SALESMAN        7698 22-FEB-81       1250        500         30                                                                                                                   
      7566 JONES      MANAGER         7839 02-APR-81       2975                    20                                                                                                                   
      7654 MARTIN     SALESMAN        7698 28-SEP-81       1250       1400         30                                                                                                                   
      7698 BLAKE      MANAGER         7839 01-MAY-81       2850                    30                                                                                                                   
      7844 TURNER     SALESMAN        7698 08-SEP-81       1500          0         30                                                                                                                   

6 rows selected.

SQL> --19----
     SELECT *
  2  FROM EMP
  3  WHERE SAL BETWEEN 1000 AND 2000 AND DEPTNO IN(10,20,30) AND JOB NOT IN('CLERK');

     EMPNO ENAME      JOB              MGR HIREDATE         SAL       COMM     DEPTNO                                                                                                                   
---------- ---------- --------- ---------- --------- ---------- ---------- ----------                                                                                                                   
      7499 ALLEN      SALESMAN        7698 20-FEB-81       1600        300         30                                                                                                                   
      7521 WARD       SALESMAN        7698 22-FEB-81       1250        500         30                                                                                                                   
      7654 MARTIN     SALESMAN        7698 28-SEP-81       1250       1400         30                                                                                                                   
      7844 TURNER     SALESMAN        7698 08-SEP-81       1500          0         30                                                                                                                   

SQL> ---20-----
     SELECT *
  2  FROM EMP
  3  WHERE ENAME LIKE 'A%' AND SAL>1000;

     EMPNO ENAME      JOB              MGR HIREDATE         SAL       COMM     DEPTNO                                                                                                                   
---------- ---------- --------- ---------- --------- ---------- ---------- ----------                                                                                                                   
      7499 ALLEN      SALESMAN        7698 20-FEB-81       1600        300         30                                                                                                                   
      7876 ADAMS      CLERK           7788 23-MAY-87       1100                    20                                                                                                                   

 
SQL> ---21---- 
     SELECT *
  2  FROM EMP
  3  WHERE ENAME LIKE '%CC%';

no rows selected

SQL>----22----- 
     SELECT *
  2  FROM EMP
  3  WHERE ENAME LIKE '%MM%';

no rows selected

SQL> ----23----
     SELECT *
  2  FROM EMP
  3  WHERE JOB NOT IN('CLERK') AND DEPTNO IN(10,20);

     EMPNO ENAME      JOB              MGR HIREDATE         SAL       COMM     DEPTNO                                                                                                                   
---------- ---------- --------- ---------- --------- ---------- ---------- ----------                                                                                                                   
      7566 JONES      MANAGER         7839 02-APR-81       2975                    20                                                                                                                   
      7782 CLARK      MANAGER         7839 09-JUN-81       2450                    10                                                                                                                   
      7788 SCOTT      ANALYST         7566 19-APR-87       3000                    20                                                                                                                   
      7839 KING       PRESIDENT            17-NOV-81       5000                    10                                                                                                                   
      7902 FORD       ANALYST         7566 03-DEC-81       3000                    20                                                                                                                   

 
SQL> SPOOL OFF
