SQL> --24---
  1  SELECT *
  2  FROM EMP
  3* WHERE ENAME NOT LIKE 'A%'
SQL> /

     EMPNO ENAME      JOB              MGR HIREDATE         SAL       COMM     DEPTNO                                                                                                                   
---------- ---------- --------- ---------- --------- ---------- ---------- ----------                                                                                                                   
      7369 SMITH      CLERK           7902 17-DEC-80        800                    20                                                                                                                   
      7521 WARD       SALESMAN        7698 22-FEB-81       1250        500         30                                                                                                                   
      7566 JONES      MANAGER         7839 02-APR-81       2975                    20                                                                                                                   
      7654 MARTIN     SALESMAN        7698 28-SEP-81       1250       1400         30                                                                                                                   
      7698 BLAKE      MANAGER         7839 01-MAY-81       2850                    30                                                                                                                   
      7782 CLARK      MANAGER         7839 09-JUN-81       2450                    10                                                                                                                   
      7788 SCOTT      ANALYST         7566 19-APR-87       3000                    20                                                                                                                   
      7839 KING       PRESIDENT            17-NOV-81       5000                    10                                                                                                                   
      7844 TURNER     SALESMAN        7698 08-SEP-81       1500          0         30                                                                                                                   
      7900 JAMES      CLERK           7698 03-DEC-81        950                    30                                                                                                                   
      7902 FORD       ANALYST         7566 03-DEC-81       3000                    20                                                                                                                   
      7934 MILLER     CLERK           7782 23-JAN-82       1300                    10                                                                                                                   

12 rows selected.

SQL> ---25---
SQL> SELECT *
  2  FROM EMP
  3  WHERE HIREDATE LIKE '%87';

     EMPNO ENAME      JOB              MGR HIREDATE         SAL       COMM     DEPTNO                                                                                                                   
---------- ---------- --------- ---------- --------- ---------- ---------- ----------                                                                                                                   
      7788 SCOTT      ANALYST         7566 19-APR-87       3000                    20                                                                                                                   
      7876 ADAMS      CLERK           7788 23-MAY-87       1100                    20                                                                                                                   

SQL> SELECT *
  2  FROM EMP
  3  WHERE ENAME LIKE '%T%T%';

     EMPNO ENAME      JOB              MGR HIREDATE         SAL       COMM     DEPTNO                                                                                                                   
---------- ---------- --------- ---------- --------- ---------- ---------- ----------                                                                                                                   
      7788 SCOTT      ANALYST         7566 19-APR-87       3000                    20                                                                                                                   

SQL> SELECT *
  2  FROM EMP
  3  WHERE EMPNO !=7654;

     EMPNO ENAME      JOB              MGR HIREDATE         SAL       COMM     DEPTNO                                                                                                                   
---------- ---------- --------- ---------- --------- ---------- ---------- ----------                                                                                                                   
      7369 SMITH      CLERK           7902 17-DEC-80        800                    20                                                                                                                   
      7499 ALLEN      SALESMAN        7698 20-FEB-81       1600        300         30                                                                                                                   
      7521 WARD       SALESMAN        7698 22-FEB-81       1250        500         30                                                                                                                   
      7566 JONES      MANAGER         7839 02-APR-81       2975                    20                                                                                                                   
      7698 BLAKE      MANAGER         7839 01-MAY-81       2850                    30                                                                                                                   
      7782 CLARK      MANAGER         7839 09-JUN-81       2450                    10                                                                                                                   
      7788 SCOTT      ANALYST         7566 19-APR-87       3000                    20                                                                                                                   
      7839 KING       PRESIDENT            17-NOV-81       5000                    10                                                                                                                   
      7844 TURNER     SALESMAN        7698 08-SEP-81       1500          0         30                                                                                                                   
      7876 ADAMS      CLERK           7788 23-MAY-87       1100                    20                                                                                                                   
      7900 JAMES      CLERK           7698 03-DEC-81        950                    30                                                                                                                   
      7902 FORD       ANALYST         7566 03-DEC-81       3000                    20                                                                                                                   
      7934 MILLER     CLERK           7782 23-JAN-82       1300                    10                                                                                                                   

13 rows selected.

SQL> SELECT *
  2  FROM EMP
  3  WHERE JOB='SALESMAN' AND DEPTNO=30;

     EMPNO ENAME      JOB              MGR HIREDATE         SAL       COMM     DEPTNO                                                                                                                   
---------- ---------- --------- ---------- --------- ---------- ---------- ----------                                                                                                                   
      7499 ALLEN      SALESMAN        7698 20-FEB-81       1600        300         30                                                                                                                   
      7521 WARD       SALESMAN        7698 22-FEB-81       1250        500         30                                                                                                                   
      7654 MARTIN     SALESMAN        7698 28-SEP-81       1250       1400         30                                                                                                                   
      7844 TURNER     SALESMAN        7698 08-SEP-81       1500          0         30                                                                                                                   

SQL> ---29----
SQL> SELECT *
  2  FROM EMP
  3  WHERE SAL IN(3000,2000);

     EMPNO ENAME      JOB              MGR HIREDATE         SAL       COMM     DEPTNO                                                                                                                   
---------- ---------- --------- ---------- --------- ---------- ---------- ----------                                                                                                                   
      7788 SCOTT      ANALYST         7566 19-APR-87       3000                    20                                                                                                                   
      7902 FORD       ANALYST         7566 03-DEC-81       3000                    20                                                                                                                   

SQL> ---30---
SQL> SELECT *
  2  FROM EMP
  3   WHERE ENAME LIKE '%R%';

     EMPNO ENAME      JOB              MGR HIREDATE         SAL       COMM     DEPTNO                                                                                                                   
---------- ---------- --------- ---------- --------- ---------- ---------- ----------                                                                                                                   
      7521 WARD       SALESMAN        7698 22-FEB-81       1250        500         30                                                                                                                   
      7654 MARTIN     SALESMAN        7698 28-SEP-81       1250       1400         30                                                                                                                   
      7782 CLARK      MANAGER         7839 09-JUN-81       2450                    10                                                                                                                   
      7844 TURNER     SALESMAN        7698 08-SEP-81       1500          0         30                                                                                                                   
      7902 FORD       ANALYST         7566 03-DEC-81       3000                    20                                                                                                                   
      7934 MILLER     CLERK           7782 23-JAN-82       1300                    10                                                                                                                   

6 rows selected.

SQL> ---31---
SQL> SELECT *
  2  FROM EMP
  3  WHERE SAL BETWEEN 800 AND 2500;

     EMPNO ENAME      JOB              MGR HIREDATE         SAL       COMM     DEPTNO                                                                                                                   
---------- ---------- --------- ---------- --------- ---------- ---------- ----------                                                                                                                   
      7369 SMITH      CLERK           7902 17-DEC-80        800                    20                                                                                                                   
      7499 ALLEN      SALESMAN        7698 20-FEB-81       1600        300         30                                                                                                                   
      7521 WARD       SALESMAN        7698 22-FEB-81       1250        500         30                                                                                                                   
      7654 MARTIN     SALESMAN        7698 28-SEP-81       1250       1400         30                                                                                                                   
      7782 CLARK      MANAGER         7839 09-JUN-81       2450                    10                                                                                                                   
      7844 TURNER     SALESMAN        7698 08-SEP-81       1500          0         30                                                                                                                   
      7876 ADAMS      CLERK           7788 23-MAY-87       1100                    20                                                                                                                   
      7900 JAMES      CLERK           7698 03-DEC-81        950                    30                                                                                                                   
      7934 MILLER     CLERK           7782 23-JAN-82       1300                    10                                                                                                                   

9 rows selected.

SQL> ---32---
SQL> SELECT *
  2  FROM EMP
  3  WHERE DEPTNO !=30;

     EMPNO ENAME      JOB              MGR HIREDATE         SAL       COMM     DEPTNO                                                                                                                   
---------- ---------- --------- ---------- --------- ---------- ---------- ----------                                                                                                                   
      7369 SMITH      CLERK           7902 17-DEC-80        800                    20                                                                                                                   
      7566 JONES      MANAGER         7839 02-APR-81       2975                    20                                                                                                                   
      7782 CLARK      MANAGER         7839 09-JUN-81       2450                    10                                                                                                                   
      7788 SCOTT      ANALYST         7566 19-APR-87       3000                    20                                                                                                                   
      7839 KING       PRESIDENT            17-NOV-81       5000                    10                                                                                                                   
      7876 ADAMS      CLERK           7788 23-MAY-87       1100                    20                                                                                                                   
      7902 FORD       ANALYST         7566 03-DEC-81       3000                    20                                                                                                                   
      7934 MILLER     CLERK           7782 23-JAN-82       1300                    10                                                                                                                   

8 rows selected.

SQL> ---33---
SQL> SELECT *
  2  FROM EMP
  3  WHERE JOB='ANALYST' AND SAL>=2000;

     EMPNO ENAME      JOB              MGR HIREDATE         SAL       COMM     DEPTNO                                                                                                                   
---------- ---------- --------- ---------- --------- ---------- ---------- ----------                                                                                                                   
      7788 SCOTT      ANALYST         7566 19-APR-87       3000                    20                                                                                                                   
      7902 FORD       ANALYST         7566 03-DEC-81       3000                    20                                                                                                                   

SQL> ---34----
SQL> SELECT *
  2  FROM EMP
  3  WHERE ENAME LIKE 'A%T';

no rows selected

SQL> -----35-----
  1  SELECT EMP.*,SAL*12
  2  FROM EMP
  3* WHERE JOB='MANAGER' 
SQL> /

     EMPNO ENAME      JOB              MGR HIREDATE         SAL       COMM     DEPTNO     SAL*12                                                                                                        
---------- ---------- --------- ---------- --------- ---------- ---------- ---------- ----------                                                                                                        
      7566 JONES      MANAGER         7839 02-APR-81       2975                    20      35700                                                                                                        
      7698 BLAKE      MANAGER         7839 01-MAY-81       2850                    30      34200                                                                                                        
      7782 CLARK      MANAGER         7839 09-JUN-81       2450                    10      29400                                                                                                        

SQL> ---36---
  1  SELECT EMP.*,(SAL*12)+12
  2  FROM EMP
  3* WHERE JOB='SALESMAN'
SQL> /

     EMPNO ENAME      JOB              MGR HIREDATE         SAL       COMM     DEPTNO (SAL*12)+12                                                                                                       
---------- ---------- --------- ---------- --------- ---------- ---------- ---------- -----------                                                                                                       
      7499 ALLEN      SALESMAN        7698 20-FEB-81       1600        300         30       19212                                                                                                       
      7521 WARD       SALESMAN        7698 22-FEB-81       1250        500         30       15012                                                                                                       
      7654 MARTIN     SALESMAN        7698 28-SEP-81       1250       1400         30       15012                                                                                                       
      7844 TURNER     SALESMAN        7698 08-SEP-81       1500          0         30       18012                                                                                                       

SQL> SELECT *
  2  FROM EMP
  3  WHERE JOB LIKE '_E%';

no rows selected

SQL> --38--
SQL> SELECT *
  2  FROM EMP
  3  WHERE COMM IS NULL AND SAL>1000;

     EMPNO ENAME      JOB              MGR HIREDATE         SAL       COMM     DEPTNO                                                                                                                   
---------- ---------- --------- ---------- --------- ---------- ---------- ----------                                                                                                                   
      7566 JONES      MANAGER         7839 02-APR-81       2975                    20                                                                                                                   
      7698 BLAKE      MANAGER         7839 01-MAY-81       2850                    30                                                                                                                   
      7782 CLARK      MANAGER         7839 09-JUN-81       2450                    10                                                                                                                   
      7788 SCOTT      ANALYST         7566 19-APR-87       3000                    20                                                                                                                   
      7839 KING       PRESIDENT            17-NOV-81       5000                    10                                                                                                                   
      7876 ADAMS      CLERK           7788 23-MAY-87       1100                    20                                                                                                                   
      7902 FORD       ANALYST         7566 03-DEC-81       3000                    20                                                                                                                   
      7934 MILLER     CLERK           7782 23-JAN-82       1300                    10                                                                                                                   

8 rows selected.

SQL> ---39---
SQL> SELECT *
  2  FROM DEPT
  3  WHERE LOC LIKE '%LL%';

    DEPTNO DNAME          LOC                                                                                                                                                                           
---------- -------------- -------------                                                                                                                                                                 
        20 RESEARCH       DALLAS                                                                                                                                                                        

SQL> ---40--
SQL> SELECT *
  2  FROM EMP
  3  WHERE DEPTNO !=20 AND ENAME NOT LIKE 'M%';

     EMPNO ENAME      JOB              MGR HIREDATE         SAL       COMM     DEPTNO                                                                                                                   
---------- ---------- --------- ---------- --------- ---------- ---------- ----------                                                                                                                   
      7499 ALLEN      SALESMAN        7698 20-FEB-81       1600        300         30                                                                                                                   
      7521 WARD       SALESMAN        7698 22-FEB-81       1250        500         30                                                                                                                   
      7698 BLAKE      MANAGER         7839 01-MAY-81       2850                    30                                                                                                                   
      7782 CLARK      MANAGER         7839 09-JUN-81       2450                    10                                                                                                                   
      7839 KING       PRESIDENT            17-NOV-81       5000                    10                                                                                                                   
      7844 TURNER     SALESMAN        7698 08-SEP-81       1500          0         30                                                                                                                   
      7900 JAMES      CLERK           7698 03-DEC-81        950                    30                                                                                                                   

7 rows selected.

SQL> ---41---
SQL> SELECT *
  2  FROM EMP
  3  WHERE EMPNO BETWEEN 7001 AND 7999;

     EMPNO ENAME      JOB              MGR HIREDATE         SAL       COMM     DEPTNO                                                                                                                   
---------- ---------- --------- ---------- --------- ---------- ---------- ----------                                                                                                                   
      7369 SMITH      CLERK           7902 17-DEC-80        800                    20                                                                                                                   
      7499 ALLEN      SALESMAN        7698 20-FEB-81       1600        300         30                                                                                                                   
      7521 WARD       SALESMAN        7698 22-FEB-81       1250        500         30                                                                                                                   
      7566 JONES      MANAGER         7839 02-APR-81       2975                    20                                                                                                                   
      7654 MARTIN     SALESMAN        7698 28-SEP-81       1250       1400         30                                                                                                                   
      7698 BLAKE      MANAGER         7839 01-MAY-81       2850                    30                                                                                                                   
      7782 CLARK      MANAGER         7839 09-JUN-81       2450                    10                                                                                                                   
      7788 SCOTT      ANALYST         7566 19-APR-87       3000                    20                                                                                                                   
      7839 KING       PRESIDENT            17-NOV-81       5000                    10                                                                                                                   
      7844 TURNER     SALESMAN        7698 08-SEP-81       1500          0         30                                                                                                                   
      7876 ADAMS      CLERK           7788 23-MAY-87       1100                    20                                                                                                                   
      7900 JAMES      CLERK           7698 03-DEC-81        950                    30                                                                                                                   
      7902 FORD       ANALYST         7566 03-DEC-81       3000                    20                                                                                                                   
      7934 MILLER     CLERK           7782 23-JAN-82       1300                    10                                                                                                                   

14 rows selected.

SQL> ---42----
  1  SELECT *
  2  FROM EMP
  3* WHERE SAL NOT BETWEEN 1500 AND 3000
SQL> /

     EMPNO ENAME      JOB              MGR HIREDATE         SAL       COMM     DEPTNO                                                                                                                   
---------- ---------- --------- ---------- --------- ---------- ---------- ----------                                                                                                                   
      7369 SMITH      CLERK           7902 17-DEC-80        800                    20                                                                                                                   
      7521 WARD       SALESMAN        7698 22-FEB-81       1250        500         30                                                                                                                   
      7654 MARTIN     SALESMAN        7698 28-SEP-81       1250       1400         30                                                                                                                   
      7839 KING       PRESIDENT            17-NOV-81       5000                    10                                                                                                                   
      7876 ADAMS      CLERK           7788 23-MAY-87       1100                    20                                                                                                                   
      7900 JAMES      CLERK           7698 03-DEC-81        950                    30                                                                                                                   
      7934 MILLER     CLERK           7782 23-JAN-82       1300                    10                                                                                                                   

7 rows selected.

SQL> ---43--
  1  SELECT *
  2  FROM EMP
  3* WHERE SAL>1000 AND HIREDATE LIKE '%DEC%' AND MGR IS NOT NULL
SQL> /

     EMPNO ENAME      JOB              MGR HIREDATE         SAL       COMM     DEPTNO                                                                                                                   
---------- ---------- --------- ---------- --------- ---------- ---------- ----------                                                                                                                   
      7902 FORD       ANALYST         7566 03-DEC-81       3000                    20                                                                                                                   

SQL> ---44---
SQL> SELECT *
  2  FROM EMP
  3  WHERE JOB LIKE '%____%' AND DEPTNO =20;

     EMPNO ENAME      JOB              MGR HIREDATE         SAL       COMM     DEPTNO                                                                                                                   
---------- ---------- --------- ---------- --------- ---------- ---------- ----------                                                                                                                   
      7369 SMITH      CLERK           7902 17-DEC-80        800                    20                                                                                                                   
      7566 JONES      MANAGER         7839 02-APR-81       2975                    20                                                                                                                   
      7788 SCOTT      ANALYST         7566 19-APR-87       3000                    20                                                                                                                   
      7876 ADAMS      CLERK           7788 23-MAY-87       1100                    20                                                                                                                   
      7902 FORD       ANALYST         7566 03-DEC-81       3000                    20                                                                                                                   

SQL> ----45----
SQL> SELECT *
  2  FROM EMP
  3  WHERE JOB='CLERK' AND ENAME LIKE '%S' AND DEPTNO !=10;

     EMPNO ENAME      JOB              MGR HIREDATE         SAL       COMM     DEPTNO                                                                                                                   
---------- ---------- --------- ---------- --------- ---------- ---------- ----------                                                                                                                   
      7876 ADAMS      CLERK           7788 23-MAY-87       1100                    20                                                                                                                   
      7900 JAMES      CLERK           7698 03-DEC-81        950                    30                                                                                                                   

SQL> ---46---
     SELECT ENAME
  2  FROM EMP
  3  WHERE ENAME LIKE '_____';

ENAME                                                                                                                                                                                                   
----------                                                                                                                                                                                              
SMITH                                                                                                                                                                                                   
ALLEN                                                                                                                                                                                                   
JONES                                                                                                                                                                                                   
BLAKE                                                                                                                                                                                                   
CLARK                                                                                                                                                                                                   
SCOTT                                                                                                                                                                                                   
ADAMS                                                                                                                                                                                                   
JAMES                                                                                                                                                                                                   

8 rows selected.

SQL> ---47---
SQL> SELECT *
  2  FROM EMP
  3  WHERE SAL>COMM;

     EMPNO ENAME      JOB              MGR HIREDATE         SAL       COMM     DEPTNO                                                                                                                   
---------- ---------- --------- ---------- --------- ---------- ---------- ----------                                                                                                                   
      7499 ALLEN      SALESMAN        7698 20-FEB-81       1600        300         30                                                                                                                   
      7521 WARD       SALESMAN        7698 22-FEB-81       1250        500         30                                                                                                                   
      7844 TURNER     SALESMAN        7698 08-SEP-81       1500          0         30                                                                                                                   

SQL> ---48---
  1  SELECT 'EMPLOYEE NAME' ||ENAME || 'SALARY' ||SAL || 'DEPARTMENT NUMBER' ||DEPTNO
  2* FROM EMP
SQL> /

'EMPLOYEENAME'||ENAME||'SALARY'||SAL||'DEPARTMENTNUMBER'||DEPTNO                                                                                                                                        
------------------------------------------------------------------------------------------------------------------------------                                                                          
EMPLOYEE NAMESMITHSALARY800DEPARTMENT NUMBER20                                                                                                                                                          
EMPLOYEE NAMEALLENSALARY1600DEPARTMENT NUMBER30                                                                                                                                                         
EMPLOYEE NAMEWARDSALARY1250DEPARTMENT NUMBER30                                                                                                                                                          
EMPLOYEE NAMEJONESSALARY2975DEPARTMENT NUMBER20                                                                                                                                                         
EMPLOYEE NAMEMARTINSALARY1250DEPARTMENT NUMBER30                                                                                                                                                        
EMPLOYEE NAMEBLAKESALARY2850DEPARTMENT NUMBER30                                                                                                                                                         
EMPLOYEE NAMECLARKSALARY2450DEPARTMENT NUMBER10                                                                                                                                                         
EMPLOYEE NAMESCOTTSALARY3000DEPARTMENT NUMBER20                                                                                                                                                         
EMPLOYEE NAMEKINGSALARY5000DEPARTMENT NUMBER10                                                                                                                                                          
EMPLOYEE NAMETURNERSALARY1500DEPARTMENT NUMBER30                                                                                                                                                        
EMPLOYEE NAMEADAMSSALARY1100DEPARTMENT NUMBER20                                                                                                                                                         
EMPLOYEE NAMEJAMESSALARY950DEPARTMENT NUMBER30                                                                                                                                                          
EMPLOYEE NAMEFORDSALARY3000DEPARTMENT NUMBER20                                                                                                                                                          
EMPLOYEE NAMEMILLERSALARY1300DEPARTMENT NUMBER10                                                                                                                                                        

14 rows selected.

SQL> EDIT
Wrote file afiedt.buf

  1  SELECT 'EMPLOYEE NAME' || ENAME || 'SALARY' || SAL || 'DEPARTMENT NUMBER' || DEPTNO
  2* FROM EMP
SQL> /

'EMPLOYEENAME'||ENAME||'SALARY'||SAL||'DEPARTMENTNUMBER'||DEPTNO                                                                                                                                        
------------------------------------------------------------------------------------------------------------------------------                                                                          
EMPLOYEE NAMESMITHSALARY800DEPARTMENT NUMBER20                                                                                                                                                          
EMPLOYEE NAMEALLENSALARY1600DEPARTMENT NUMBER30                                                                                                                                                         
EMPLOYEE NAMEWARDSALARY1250DEPARTMENT NUMBER30                                                                                                                                                          
EMPLOYEE NAMEJONESSALARY2975DEPARTMENT NUMBER20                                                                                                                                                         
EMPLOYEE NAMEMARTINSALARY1250DEPARTMENT NUMBER30                                                                                                                                                        
EMPLOYEE NAMEBLAKESALARY2850DEPARTMENT NUMBER30                                                                                                                                                         
EMPLOYEE NAMECLARKSALARY2450DEPARTMENT NUMBER10                                                                                                                                                         
EMPLOYEE NAMESCOTTSALARY3000DEPARTMENT NUMBER20                                                                                                                                                         
EMPLOYEE NAMEKINGSALARY5000DEPARTMENT NUMBER10                                                                                                                                                          
EMPLOYEE NAMETURNERSALARY1500DEPARTMENT NUMBER30                                                                                                                                                        
EMPLOYEE NAMEADAMSSALARY1100DEPARTMENT NUMBER20                                                                                                                                                         
EMPLOYEE NAMEJAMESSALARY950DEPARTMENT NUMBER30                                                                                                                                                          
EMPLOYEE NAMEFORDSALARY3000DEPARTMENT NUMBER20                                                                                                                                                          
EMPLOYEE NAMEMILLERSALARY1300DEPARTMENT NUMBER10                                                                                                                                                        

14 rows selected.


SQL> ---49---
SQL> SELECT *
  2  FROM EMP
  3  WHERE ENAME LIKE '_R%R_';

no rows selected

SQL> ---50---
SQL> SELECT *
  2  FROM EMP
  3  WHERE SAL BETWEEN 300 AND 3000;

     EMPNO ENAME      JOB              MGR HIREDATE         SAL       COMM     DEPTNO                                                                                                                   
---------- ---------- --------- ---------- --------- ---------- ---------- ----------                                                                                                                   
      7369 SMITH      CLERK           7902 17-DEC-80        800                    20                                                                                                                   
      7499 ALLEN      SALESMAN        7698 20-FEB-81       1600        300         30                                                                                                                   
      7521 WARD       SALESMAN        7698 22-FEB-81       1250        500         30                                                                                                                   
      7566 JONES      MANAGER         7839 02-APR-81       2975                    20                                                                                                                   
      7654 MARTIN     SALESMAN        7698 28-SEP-81       1250       1400         30                                                                                                                   
      7698 BLAKE      MANAGER         7839 01-MAY-81       2850                    30                                                                                                                   
      7782 CLARK      MANAGER         7839 09-JUN-81       2450                    10                                                                                                                   
      7788 SCOTT      ANALYST         7566 19-APR-87       3000                    20                                                                                                                   
      7844 TURNER     SALESMAN        7698 08-SEP-81       1500          0         30                                                                                                                   
      7876 ADAMS      CLERK           7788 23-MAY-87       1100                    20                                                                                                                   
      7900 JAMES      CLERK           7698 03-DEC-81        950                    30                                                                                                                   
      7902 FORD       ANALYST         7566 03-DEC-81       3000                    20                                                                                                                   
      7934 MILLER     CLERK           7782 23-JAN-82       1300                    10                                                                                                                   

13 rows selected.

 
SQL> SPOOL OFF
