SQL> SET PAGES 200 LINES 200L;L
SP2-0268: linesize option not a valid number
SQL> SET PAGES 200 LINES 200;
SQL> -- Q262
SQL> SELECT *
  2  FROM EMP
  3  WHERE JOB ='SALESMAN' AND DEPTNO = 20 AND SAL NOT BETWEEN 500 AND 1000;

no rows selected

SQL> --Q263
SQL> SELECT *
  2  FROM EMP
  3  WHERE COMM IS NOT NULL AND (JOB='MANAGER' OR JOB = 'CLERK');

no rows selected

SQL> --Q263
SQL> SELECT *
  2  FROM EMP
  3  WHERE JOB = 'SALESMAN' AND DEPTNO= 10 AND SAL>2500;

no rows selected

SQL> --Q264
SQL> 
SQL> SELECT *
  2  FROM EMP
  3  WHERE ENAME LIKE'K%' OR ENAME LIKE 'P%';

     EMPNO ENAME      JOB              MGR HIREDATE         SAL       COMM     DEPTNO                                                                                                                   
---------- ---------- --------- ---------- --------- ---------- ---------- ----------                                                                                                                   
      7839 KING       PRESIDENT            17-NOV-81       5000                    10                                                                                                                   

SQL> --Q265
SQL> SELECT *
  2  FROM EMP
  3  WHERE  ENAME LIKE '%R%';

     EMPNO ENAME      JOB              MGR HIREDATE         SAL       COMM     DEPTNO                                                                                                                   
---------- ---------- --------- ---------- --------- ---------- ---------- ----------                                                                                                                   
      7521 WARD       SALESMAN        7698 22-FEB-81       1250        500         30                                                                                                                   
      7654 MARTIN     SALESMAN        7698 28-SEP-81       1250       1400         30                                                                                                                   
      7782 CLARK      MANAGER         7839 09-JUN-81       2450                    10                                                                                                                   
      7844 TURNER     SALESMAN        7698 08-SEP-81       1500          0         30                                                                                                                   
      7902 FORD       ANALYST         7566 03-DEC-81       3000                    20                                                                                                                   
      7934 MILLER     CLERK           7782 23-JAN-82       1300                    10                                                                                                                   

6 rows selected.

SQL> --Q266
SQL> SELECT *
  2  FROM EMP
  3  WHERE ENAME LIKE 'M%' OR ENAME LIKE 'K%' OR ENAME LIKE 'N%';

     EMPNO ENAME      JOB              MGR HIREDATE         SAL       COMM     DEPTNO                                                                                                                   
---------- ---------- --------- ---------- --------- ---------- ---------- ----------                                                                                                                   
      7654 MARTIN     SALESMAN        7698 28-SEP-81       1250       1400         30                                                                                                                   
      7839 KING       PRESIDENT            17-NOV-81       5000                    10                                                                                                                   
      7934 MILLER     CLERK           7782 23-JAN-82       1300                    10                                                                                                                   

SQL> --Q267
SQL> SELECT *
  2  FROM EMP
  3  WHERE JOB ='SALESMAN' AND ENAME LIKE '%R' AND LENGTH(SAL)=4;

     EMPNO ENAME      JOB              MGR HIREDATE         SAL       COMM     DEPTNO                                                                                                                   
---------- ---------- --------- ---------- --------- ---------- ---------- ----------                                                                                                                   
      7844 TURNER     SALESMAN        7698 08-SEP-81       1500          0         30                                                                                                                   

SQL> --Q268
SQL> SELECT *
  2  FROM EMP
  3  WHERE JOB LIKE '%LES%';

     EMPNO ENAME      JOB              MGR HIREDATE         SAL       COMM     DEPTNO                                                                                                                   
---------- ---------- --------- ---------- --------- ---------- ---------- ----------                                                                                                                   
      7499 ALLEN      SALESMAN        7698 20-FEB-81       1600        300         30                                                                                                                   
      7521 WARD       SALESMAN        7698 22-FEB-81       1250        500         30                                                                                                                   
      7654 MARTIN     SALESMAN        7698 28-SEP-81       1250       1400         30                                                                                                                   
      7844 TURNER     SALESMAN        7698 08-SEP-81       1500          0         30                                                                                                                   

SQL> --Q269
SQL> SELECT *
  2  FROM EMP
  3  WHERE JOB = 'CLERK' AND ENAME LIKE '___L%' AND SAL<2000;

     EMPNO ENAME      JOB              MGR HIREDATE         SAL       COMM     DEPTNO                                                                                                                   
---------- ---------- --------- ---------- --------- ---------- ---------- ----------                                                                                                                   
      7934 MILLER     CLERK           7782 23-JAN-82       1300                    10                                                                                                                   

SQL> --Q270
SQL> SELECT *
  2  FROM EMP
  3  WHERE ENAME NOT LIKE '%S%';

     EMPNO ENAME      JOB              MGR HIREDATE         SAL       COMM     DEPTNO                                                                                                                   
---------- ---------- --------- ---------- --------- ---------- ---------- ----------                                                                                                                   
      7499 ALLEN      SALESMAN        7698 20-FEB-81       1600        300         30                                                                                                                   
      7521 WARD       SALESMAN        7698 22-FEB-81       1250        500         30                                                                                                                   
      7654 MARTIN     SALESMAN        7698 28-SEP-81       1250       1400         30                                                                                                                   
      7698 BLAKE      MANAGER         7839 01-MAY-81       2850                    30                                                                                                                   
      7782 CLARK      MANAGER         7839 09-JUN-81       2450                    10                                                                                                                   
      7839 KING       PRESIDENT            17-NOV-81       5000                    10                                                                                                                   
      7844 TURNER     SALESMAN        7698 08-SEP-81       1500          0         30                                                                                                                   
      7902 FORD       ANALYST         7566 03-DEC-81       3000                    20                                                                                                                   
      7934 MILLER     CLERK           7782 23-JAN-82       1300                    10                                                                                                                   

9 rows selected.

SQL> --Q271
SQL> SELECT *
  2  FROM EMP
  3  WHERE SAL IS NOT BETWEEN 1000 AND 2000 AND DEPTNO IN (20,30) AND JOB NOT IN ('CLERK', 'ANALYST');
WHERE SAL IS NOT BETWEEN 1000 AND 2000 AND DEPTNO IN (20,30) AND JOB NOT IN ('CLERK', 'ANALYST')
                 *
ERROR at line 3:
ORA-00908: missing NULL keyword 


SQL> ED
Wrote file afiedt.buf

  1  SELECT *
  2  FROM EMP
  3* WHERE (salary < 1000 OR salary > 2000) AND DEPTNO IN (20,30) AND JOB NOT IN ('CLERK', 'ANALYST')
SQL> /
WHERE (salary < 1000 OR salary > 2000) AND DEPTNO IN (20,30) AND JOB NOT IN ('CLERK', 'ANALYST')
                        *
ERROR at line 3:
ORA-00904: "SALARY": invalid identifier 


SQL> ED
Wrote file afiedt.buf

  1  SELECT *
  2  FROM EMP
  3* WHERE (SAL < 1000 OR SAL > 2000) AND DEPTNO IN (20,30) AND JOB NOT IN ('CLERK', 'ANALYST')
SQL> /

     EMPNO ENAME      JOB              MGR HIREDATE         SAL       COMM     DEPTNO                                                                                                                   
---------- ---------- --------- ---------- --------- ---------- ---------- ----------                                                                                                                   
      7566 JONES      MANAGER         7839 02-APR-81       2975                    20                                                                                                                   
      7698 BLAKE      MANAGER         7839 01-MAY-81       2850                    30                                                                                                                   

SQL> --Q272
SQL> SELECT *
  2  FROM EMP
  3  WHERE ENAME LIKE 'S%' AND ENAME LIKE '%H';

     EMPNO ENAME      JOB              MGR HIREDATE         SAL       COMM     DEPTNO                                                                                                                   
---------- ---------- --------- ---------- --------- ---------- ---------- ----------                                                                                                                   
      7369 SMITH      CLERK           7902 17-DEC-80        800                    20                                                                                                                   

SQL> --Q273
SQL> SELECT *
  2  FROM EMP
  3  WHERE (SAL>1500 AND SAL<2500)'
  4  ED
  5  
SQL> ED
Wrote file afiedt.buf

  1  SELECT *
  2  FROM EMP
  3* WHERE (SAL>1500 AND SAL<2500)
SQL> /

     EMPNO ENAME      JOB              MGR HIREDATE         SAL       COMM     DEPTNO                                                                                                                   
---------- ---------- --------- ---------- --------- ---------- ---------- ----------                                                                                                                   
      7499 ALLEN      SALESMAN        7698 20-FEB-81       1600        300         30                                                                                                                   
      7782 CLARK      MANAGER         7839 09-JUN-81       2450                    10                                                                                                                   

SQL> --Q274
SQL> SELECT *
  2  FROM EMP
  3  WHERE JOB = 'SALESMAN' AND ENAME LIKE '_M%' AND SAL BETWEEN 500 AND 1500;

no rows selected

SQL> --Q275
SQL> SELECT *
  2  FROM EMP
  3  WHERE ENAME LIKE '%S% AND SAL>2000 AND COMM IS NULL AND DEPTNO IN(10,20);
ERROR:
ORA-01756: quoted string not properly terminated 


SQL> ED
Wrote file afiedt.buf

  1  SELECT *
  2  FROM EMP
  3* WHERE ENAME LIKE '%S%' AND SAL>2000 AND COMM IS NULL AND DEPTNO IN(10,20)
SQL> /

     EMPNO ENAME      JOB              MGR HIREDATE         SAL       COMM     DEPTNO                                                                                                                   
---------- ---------- --------- ---------- --------- ---------- ---------- ----------                                                                                                                   
      7566 JONES      MANAGER         7839 02-APR-81       2975                    20                                                                                                                   
      7788 SCOTT      ANALYST         7566 19-APR-87       3000                    20                                                                                                                   

SQL> --Q276
SQL> SELECT *
  2  FROM EMP
  3  WHERE JOB ='MANAGER' OR JOB = 'CLERK' AND SAL>2000 AND COMM IS NULL;

     EMPNO ENAME      JOB              MGR HIREDATE         SAL       COMM     DEPTNO                                                                                                                   
---------- ---------- --------- ---------- --------- ---------- ---------- ----------                                                                                                                   
      7566 JONES      MANAGER         7839 02-APR-81       2975                    20                                                                                                                   
      7698 BLAKE      MANAGER         7839 01-MAY-81       2850                    30                                                                                                                   
      7782 CLARK      MANAGER         7839 09-JUN-81       2450                    10                                                                                                                   

SQL> --Q277
SQL> SELECT *
  2  FROM EMP
  3  
SQL> 
SQL> --Q277
SQL> SELECT *
  2  FROM DEPT
  3  WHERE LOC LIKE '%O%' AND DEPTNO BETWEEN 10 AND 99 AND DNAME NOT LIKE '%\%%' ESCAPE '\';

    DEPTNO DNAME          LOC                                                                                                                                                                           
---------- -------------- -------------                                                                                                                                                                 
        10 ACCOUNTING     NEW YORK                                                                                                                                                                      
        30 SALES          CHICAGO                                                                                                                                                                       
        40 OPERATIONS     BOSTON                                                                                                                                                                        

SQL> --Q278
SQL> SELECT *
  2  FROM EMP;

     EMPNO ENAME      JOB              MGR HIREDATE         SAL       COMM     DEPTNO                                                                                                                   
---------- ---------- --------- ---------- --------- ---------- ---------- ----------                                                                                                                   
      7369 SMITH      CLERK           7902 17-DEC-80        800                    20                                                                                                                   
      7499 ALLEN      SALESMAN        7698 20-FEB-81       1600        300         30                                                                                                                   
      7521 WARD       SALESMAN        7698 22-FEB-81       1250        500         30                                                                                                                   
      7566 JONES      MANAGER         7839 02-APR-81       2975                    20                                                                                                                   
      7654 MARTIN     SALESMAN        7698 28-SEP-81       1250       1400         30                                                                                                                   
      7698 BLAKE      MANAGER         7839 01-MAY-81       2850                    30                                                                                                                   
      7782 CLARK      MANAGER         7839 09-JUN-81       2450                    10                                                                                                                   
      7788 SCOTT      ANALYST         7566 19-APR-87       3000                    20                                                                                                                   
      7839 KING       PRESIDENT            17-NOV-81       5000                    10                                                                                                                   
      7844 TURNER     SALESMAN        7698 08-SEP-81       1500          0         30                                                                                                                   
      7876 ADAMS      CLERK           7788 23-MAY-87       1100                    20                                                                                                                   
      7900 JAMES      CLERK           7698 03-DEC-81        950                    30                                                                                                                   
      7902 FORD       ANALYST         7566 03-DEC-81       3000                    20                                                                                                                   
      7934 MILLER     CLERK           7782 23-JAN-82       1300                    10                                                                                                                   

14 rows selected.

SQL> SELECT *
  2  FROM EMP
  3  WHERE EMPNO NOT LIKE '%2' AND ENAME NOT LIKE '%N' AND ENAME NOT LIKE '%K' AND HIREDATE<'1981-01-01' AND SAL>800 AND SAL LIKE '%0%';
WHERE EMPNO NOT LIKE '%2' AND ENAME NOT LIKE '%N' AND ENAME NOT LIKE '%K' AND HIREDATE<'1981-01-01' AND SAL>800 AND SAL LIKE '%0%'
                                                                                       *
ERROR at line 3:
ORA-01861: literal does not match format string 


SQL> ED
Wrote file afiedt.buf

  1  SELECT *
  2  FROM EMP
  3* WHERE EMPNO NOT LIKE '%2' AND ENAME NOT LIKE '%N' AND ENAME NOT LIKE '%K' AND HIREDATE< '1981-JAN-01' AND SAL>800 AND SAL LIKE '%0%'
SQL> /
WHERE EMPNO NOT LIKE '%2' AND ENAME NOT LIKE '%N' AND ENAME NOT LIKE '%K' AND HIREDATE< '1981-JAN-01' AND SAL>800 AND SAL LIKE '%0%'
                                                                                        *
ERROR at line 3:
ORA-01861: literal does not match format string 


SQL> --Q279
SQL> 
SQL> SELECT *
  2  FROM EMP
  3  WHERE MGR IS NOT NULL
  4  AND ENAME NOT LIKE '%R%'
  5  AND ENAME NOT LIKE '%A%'
  6  AND SAL BETWEEN 2000 AND 3000
  7  AND HIREDATE > '1980-12-31'
  8  AND HIREDATE < '1983-01-01'
  9  AND DEPTNO IN (10,20,30);
AND HIREDATE > '1980-12-31'
               *
ERROR at line 7:
ORA-01861: literal does not match format string 


SQL> ED
Wrote file afiedt.buf

  1  SELECT *
  2  FROM EMP
  3  WHERE MGR IS NOT NULL
  4  AND ENAME NOT LIKE '%R%'
  5  AND ENAME NOT LIKE '%A%'
  6  AND SAL BETWEEN 2000 AND 3000
  7  AND HIREDATE > '31-DEC-1980'
  8  AND HIREDATE < '01-JAN-1983'
  9* AND DEPTNO IN (10,20,30)
SQL> /

     EMPNO ENAME      JOB              MGR HIREDATE         SAL       COMM     DEPTNO                                                                                                                   
---------- ---------- --------- ---------- --------- ---------- ---------- ----------                                                                                                                   
      7566 JONES      MANAGER         7839 02-APR-81       2975                    20                                                                                                                   

SQL> --Q280
SQL> SELECT *
  2  FROM EMP
  3  WHERE (MONTH(HIREDATE) IN (1,4,11))
  4  AND DEPTNO IN (10,20)
  5  AND DEPTNO <>  30
  6  AND SAL>2500;
WHERE (MONTH(HIREDATE) IN (1,4,11))
       *
ERROR at line 3:
ORA-00904: "MONTH": invalid identifier 


SQL> ED
Wrote file afiedt.buf

  1  SELECT *
  2  FROM EMP
  3  WHERE HIREDATE IN ()
  4  AND DEPTNO IN (10,20)
  5  AND DEPTNO <>  30
  6* AND SAL>2500
SQL> ED
Wrote file afiedt.buf

  1  SELECT *
  2  FROM EMP
  3  WHERE HIREDATE IN ( '23-JAN-82' ,'01-FEB-1982', '01-NOV-1981')
  4  AND DEPTNO IN (10,20)
  5  AND DEPTNO <>  30
  6* AND SAL>2500
SQL> /

no rows selected

SQL> --Q281
SQL> SELECT *
  2  FROM EMP
  3  WHERE SAL*12 >1500;

     EMPNO ENAME      JOB              MGR HIREDATE         SAL       COMM     DEPTNO                                                                                                                   
---------- ---------- --------- ---------- --------- ---------- ---------- ----------                                                                                                                   
      7369 SMITH      CLERK           7902 17-DEC-80        800                    20                                                                                                                   
      7499 ALLEN      SALESMAN        7698 20-FEB-81       1600        300         30                                                                                                                   
      7521 WARD       SALESMAN        7698 22-FEB-81       1250        500         30                                                                                                                   
      7566 JONES      MANAGER         7839 02-APR-81       2975                    20                                                                                                                   
      7654 MARTIN     SALESMAN        7698 28-SEP-81       1250       1400         30                                                                                                                   
      7698 BLAKE      MANAGER         7839 01-MAY-81       2850                    30                                                                                                                   
      7782 CLARK      MANAGER         7839 09-JUN-81       2450                    10                                                                                                                   
      7788 SCOTT      ANALYST         7566 19-APR-87       3000                    20                                                                                                                   
      7839 KING       PRESIDENT            17-NOV-81       5000                    10                                                                                                                   
      7844 TURNER     SALESMAN        7698 08-SEP-81       1500          0         30                                                                                                                   
      7876 ADAMS      CLERK           7788 23-MAY-87       1100                    20                                                                                                                   
      7900 JAMES      CLERK           7698 03-DEC-81        950                    30                                                                                                                   
      7902 FORD       ANALYST         7566 03-DEC-81       3000                    20                                                                                                                   
      7934 MILLER     CLERK           7782 23-JAN-82       1300                    10                                                                                                                   

14 rows selected.

SQL> --Q282
SQL> SELECT ENAME
  2  FROM EMP
  3  WHERE EMPNO IN (7521 ,7782);

ENAME                                                                                                                                                                                                   
----------                                                                                                                                                                                              
WARD                                                                                                                                                                                                    
CLARK                                                                                                                                                                                                   

SQL> --Q283
SQL> SELECT EMPNO
  2  FROM EMP
  3  WHERE COMM IS NULL AND DEPTNO = 30
  4  AND SAL = 1600;

no rows selected

SQL> --Q284
SQL> SELECT ENAME , JOB , SAL, SAL*12  AS ANNUAL_SAL , BONUS
  2  FROM EMP
  3  WHERE JOB='MANAGER'
  4  AND SAL<2500
  5  AND BONUS = 5000;
AND BONUS = 5000
    *
ERROR at line 5:
ORA-00904: "BONUS": invalid identifier 


SQL> ED
Wrote file afiedt.buf

  1  SELECT ENAME , JOB , SAL, SAL*12  AS ANNUAL_SAL 
  2  FROM EMP
  3  WHERE JOB='MANAGER'
  4* AND SAL<2500
SQL> /

ENAME      JOB              SAL ANNUAL_SAL                                                                                                                                                              
---------- --------- ---------- ----------                                                                                                                                                              
CLARK      MANAGER         2450      29400                                                                                                                                                              

SQL> --Q286
SQL> SELECT *
  2  FROM EMP
  3  WHERE ENAME LIKE '%L%L%'
  4  AND JOB LIKE '%L%'
  5  AND DEPTNO = 10;

     EMPNO ENAME      JOB              MGR HIREDATE         SAL       COMM     DEPTNO                                                                                                                   
---------- ---------- --------- ---------- --------- ---------- ---------- ----------                                                                                                                   
      7934 MILLER     CLERK           7782 23-JAN-82       1300                    10                                                                                                                   

SQL> --Q287
SQL> SELECT SAL*12 AS ANNUAL_SAL , SAL*6 AS BONUS_SAL
  2  FROM EMP
  3  WHERE HIREDATE '30-DEC-81' AND '30-DEC-87'
  4  AND DEPTNO IN(20,30)
  5  AND SAL*12 = 1000;
WHERE HIREDATE '30-DEC-81' AND '30-DEC-87'
               *
ERROR at line 3:
ORA-00920: invalid relational operator 


SQL> ED
Wrote file afiedt.buf

  1  SELECT SAL*12 AS ANNUAL_SAL , SAL*6 AS BONUS_SAL
  2  FROM EMP
  3  WHERE HIREDATE BETWEEN '30-DEC-81' AND '30-DEC-87'
  4  AND DEPTNO IN(20,30)
  5* AND SAL*12 = 1000
SQL> /

no rows selected

SQL> --Q288
SQL> SELECT ENAME , SAL*12
  2  FROM EMP
  3  WHERE SAL BETWEEN 1000 AND 5000
  4  AND DEPTNO <> 20
  5  AND HIREDATE > '01-JAN-82'
  6  AND HIREDATE< '01-JAN-88';

ENAME          SAL*12                                                                                                                                                                                   
---------- ----------                                                                                                                                                                                   
MILLER          15600                                                                                                                                                                                   

SQL> --Q289
SQL> SELECT *
  2  FROM EMP
  3  WHERE MGR IS NOT NULL
  4  AND DEPTNO IN(20,30)
  5  AND ENAME LIKE'S%';

     EMPNO ENAME      JOB              MGR HIREDATE         SAL       COMM     DEPTNO                                                                                                                   
---------- ---------- --------- ---------- --------- ---------- ---------- ----------                                                                                                                   
      7369 SMITH      CLERK           7902 17-DEC-80        800                    20                                                                                                                   
      7788 SCOTT      ANALYST         7566 19-APR-87       3000                    20                                                                                                                   

SQL> --Q290
SQL> SELECT *
  2  FROM DEPT
  3  WHERE LOC NOT LIKE '%T%'
  4  AND DNAME NOT LIKE '%T%';

    DEPTNO DNAME          LOC                                                                                                                                                                           
---------- -------------- -------------                                                                                                                                                                 
        20 RESEARCH       DALLAS                                                                                                                                                                        
        30 SALES          CHICAGO                                                                                                                                                                       

SQL> --Q291
SQL> SELECT *
  2  FROM EMP
  3  WHERE HIREDATE < '01-JAN-81'
  4  AND SAL>500 AND SAL<1500
  5  AND COMM IS NULL;

     EMPNO ENAME      JOB              MGR HIREDATE         SAL       COMM     DEPTNO                                                                                                                   
---------- ---------- --------- ---------- --------- ---------- ---------- ----------                                                                                                                   
      7369 SMITH      CLERK           7902 17-DEC-80        800                    20                                                                                                                   

SQL> --Q292
SQL> SELECT *F
  2  
SQL> 
SQL> --Q292
SQL> SELECT *
  2  FROM EMP
  3  WHERE JOB = 'SALESMAN'
  4  DEPTNO = 30
  5  AND HIREDATE = '81'
  6   AND COMM IS NOT NULL;
DEPTNO = 30
*
ERROR at line 4:
ORA-00933: SQL command not properly ended 


SQL> ED
Wrote file afiedt.buf

  1  SELECT *
  2  FROM EMP
  3  WHERE JOB = 'SALESMAN'
  4  AND DEPTNO = 30
  5  AND HIREDATE = '81'
  6*  AND COMM IS NOT NULL
SQL> /
AND HIREDATE = '81'
               *
ERROR at line 5:
ORA-01847: day of month must be between 1 and last day of month 


SQL> ED
Wrote file afiedt.buf

  1  SELECT *
  2  FROM EMP
  3  WHERE JOB = 'SALESMAN'
  4  AND DEPTNO = 30
  5  AND HIREDATE BETWEEN '01-JAN-1981 AND 31-DEC-1981'
  6*  AND COMM IS NOT NULL
SQL> /
 AND COMM IS NOT NULL
          *
ERROR at line 6:
ORA-00933: SQL command not properly ended 


SQL> ED
Wrote file afiedt.buf

  1  SELECT *
  2  FROM EMP
  3  WHERE JOB = 'SALESMAN'
  4  AND DEPTNO = 30
  5  AND HIREDATE BETWEEN '01-JAN-1981 AND 31-DEC-1981'
  6* AND COMM IS NOT NULL
SQL> /
AND COMM IS NOT NULL
         *
ERROR at line 6:
ORA-00933: SQL command not properly ended 


SQL> --Q293
SQL> SELECT *
  2  FROM EMP
  3  WHERE DEPTNO IN(20,300)
  4  AND EMPNO LIKE '%8' OR ENAME LIKE '%9'
  5  AND SAL <5000;

     EMPNO ENAME      JOB              MGR HIREDATE         SAL       COMM     DEPTNO                                                                                                                   
---------- ---------- --------- ---------- --------- ---------- ---------- ----------                                                                                                                   
      7788 SCOTT      ANALYST         7566 19-APR-87       3000                    20                                                                                                                   

SQL> ED
Wrote file afiedt.buf

  1  SELECT *
  2  FROM EMP
  3  WHERE DEPTNO IN(20,30)
  4  AND EMPNO LIKE '%8' OR ENAME LIKE '%9'
  5* AND SAL <5000
SQL> /

     EMPNO ENAME      JOB              MGR HIREDATE         SAL       COMM     DEPTNO                                                                                                                   
---------- ---------- --------- ---------- --------- ---------- ---------- ----------                                                                                                                   
      7698 BLAKE      MANAGER         7839 01-MAY-81       2850                    30                                                                                                                   
      7788 SCOTT      ANALYST         7566 19-APR-87       3000                    20                                                                                                                   

SQL> --Q294
SQL> SELECT *
  2  FROM EMO
  3  WHERE DEPTNO IN (10,20,30)
  4  AND JOB ='CLERK' OR JOB ='SALESMAN'
  5  AND ENAME LIKE '%A';
FROM EMO
     *
ERROR at line 2:
ORA-00942: table or view does not exist 


SQL> ED
Wrote file afiedt.buf

  1  SELECT *
  2  FROM EMP
  3  WHERE DEPTNO IN (10,20,30)
  4  AND JOB ='CLERK' OR JOB ='SALESMAN'
  5* AND ENAME LIKE '%A'
SQL> /

     EMPNO ENAME      JOB              MGR HIREDATE         SAL       COMM     DEPTNO                                                                                                                   
---------- ---------- --------- ---------- --------- ---------- ---------- ----------                                                                                                                   
      7369 SMITH      CLERK           7902 17-DEC-80        800                    20                                                                                                                   
      7876 ADAMS      CLERK           7788 23-MAY-87       1100                    20                                                                                                                   
      7900 JAMES      CLERK           7698 03-DEC-81        950                    30                                                                                                                   
      7934 MILLER     CLERK           7782 23-JAN-82       1300                    10                                                                                                                   

SQL> --Q295
SQL> SELECT *
  2  FROM EMP
  3  WHERE JOB ='MANAGER' OR JOB ='SALESMAN' OR JOB = 'ANALYST'
  4  AND SAL >= 3000;

     EMPNO ENAME      JOB              MGR HIREDATE         SAL       COMM     DEPTNO                                                                                                                   
---------- ---------- --------- ---------- --------- ---------- ---------- ----------                                                                                                                   
      7499 ALLEN      SALESMAN        7698 20-FEB-81       1600        300         30                                                                                                                   
      7521 WARD       SALESMAN        7698 22-FEB-81       1250        500         30                                                                                                                   
      7566 JONES      MANAGER         7839 02-APR-81       2975                    20                                                                                                                   
      7654 MARTIN     SALESMAN        7698 28-SEP-81       1250       1400         30                                                                                                                   
      7698 BLAKE      MANAGER         7839 01-MAY-81       2850                    30                                                                                                                   
      7782 CLARK      MANAGER         7839 09-JUN-81       2450                    10                                                                                                                   
      7788 SCOTT      ANALYST         7566 19-APR-87       3000                    20                                                                                                                   
      7844 TURNER     SALESMAN        7698 08-SEP-81       1500          0         30                                                                                                                   
      7902 FORD       ANALYST         7566 03-DEC-81       3000                    20                                                                                                                   

9 rows selected.

SQL> --Q296
SQL> SELECT *
  2  FROM EMP
  3  WHERE JOB = 'ANALYST'
  4  AND JOB NOT LIKE '%S';

     EMPNO ENAME      JOB              MGR HIREDATE         SAL       COMM     DEPTNO                                                                                                                   
---------- ---------- --------- ---------- --------- ---------- ---------- ----------                                                                                                                   
      7788 SCOTT      ANALYST         7566 19-APR-87       3000                    20                                                                                                                   
      7902 FORD       ANALYST         7566 03-DEC-81       3000                    20                                                                                                                   

SQL> --Q299
SQL> SELECT *
  2  FROM EMP
  3  WHERE (SAL+COMM)>2000;

     EMPNO ENAME      JOB              MGR HIREDATE         SAL       COMM     DEPTNO                                                                                                                   
---------- ---------- --------- ---------- --------- ---------- ---------- ----------                                                                                                                   
      7654 MARTIN     SALESMAN        7698 28-SEP-81       1250       1400         30                                                                                                                   

SQL> --Q300
SQL> SELECT *
  2  FROM EMP
  3  WHERE DEPTNO BETWEEN 10 AND 20
  4  AND SAL BETWEEN 1000 AND 4000;

     EMPNO ENAME      JOB              MGR HIREDATE         SAL       COMM     DEPTNO                                                                                                                   
---------- ---------- --------- ---------- --------- ---------- ---------- ----------                                                                                                                   
      7566 JONES      MANAGER         7839 02-APR-81       2975                    20                                                                                                                   
      7782 CLARK      MANAGER         7839 09-JUN-81       2450                    10                                                                                                                   
      7788 SCOTT      ANALYST         7566 19-APR-87       3000                    20                                                                                                                   
      7876 ADAMS      CLERK           7788 23-MAY-87       1100                    20                                                                                                                   
      7902 FORD       ANALYST         7566 03-DEC-81       3000                    20                                                                                                                   
      7934 MILLER     CLERK           7782 23-JAN-82       1300                    10                                                                                                                   

6 rows selected.

SQL> --Q304
SQL> SELECT *
  2  FROM EMP
  3  WHERE SAL LIKE '2%0';

     EMPNO ENAME      JOB              MGR HIREDATE         SAL       COMM     DEPTNO                                                                                                                   
---------- ---------- --------- ---------- --------- ---------- ---------- ----------                                                                                                                   
      7698 BLAKE      MANAGER         7839 01-MAY-81       2850                    30                                                                                                                   
      7782 CLARK      MANAGER         7839 09-JUN-81       2450                    10                                                                                                                   

SQL> --Q305
SQL> SELECT *
  2  FROM EMP
  3  WHERE DEPTNO = 20
  4  AND SAL = 3000;

     EMPNO ENAME      JOB              MGR HIREDATE         SAL       COMM     DEPTNO                                                                                                                   
---------- ---------- --------- ---------- --------- ---------- ---------- ----------                                                                                                                   
      7788 SCOTT      ANALYST         7566 19-APR-87       3000                    20                                                                                                                   
      7902 FORD       ANALYST         7566 03-DEC-81       3000                    20                                                                                                                   

SQL> --Q306
SQL> SELECT *
  2  FROM EMP
  3  WHERE JOB NOT LIKE '%T';

     EMPNO ENAME      JOB              MGR HIREDATE         SAL       COMM     DEPTNO                                                                                                                   
---------- ---------- --------- ---------- --------- ---------- ---------- ----------                                                                                                                   
      7369 SMITH      CLERK           7902 17-DEC-80        800                    20                                                                                                                   
      7499 ALLEN      SALESMAN        7698 20-FEB-81       1600        300         30                                                                                                                   
      7521 WARD       SALESMAN        7698 22-FEB-81       1250        500         30                                                                                                                   
      7566 JONES      MANAGER         7839 02-APR-81       2975                    20                                                                                                                   
      7654 MARTIN     SALESMAN        7698 28-SEP-81       1250       1400         30                                                                                                                   
      7698 BLAKE      MANAGER         7839 01-MAY-81       2850                    30                                                                                                                   
      7782 CLARK      MANAGER         7839 09-JUN-81       2450                    10                                                                                                                   
      7844 TURNER     SALESMAN        7698 08-SEP-81       1500          0         30                                                                                                                   
      7876 ADAMS      CLERK           7788 23-MAY-87       1100                    20                                                                                                                   
      7900 JAMES      CLERK           7698 03-DEC-81        950                    30                                                                                                                   
      7934 MILLER     CLERK           7782 23-JAN-82       1300                    10                                                                                                                   

11 rows selected.

SQL> --Q307
SQL> SELECT *
  2  FROM EMP
  3  WHERE JOB IN ('MANAGER', 'ANALYST');

     EMPNO ENAME      JOB              MGR HIREDATE         SAL       COMM     DEPTNO                                                                                                                   
---------- ---------- --------- ---------- --------- ---------- ---------- ----------                                                                                                                   
      7566 JONES      MANAGER         7839 02-APR-81       2975                    20                                                                                                                   
      7698 BLAKE      MANAGER         7839 01-MAY-81       2850                    30                                                                                                                   
      7782 CLARK      MANAGER         7839 09-JUN-81       2450                    10                                                                                                                   
      7788 SCOTT      ANALYST         7566 19-APR-87       3000                    20                                                                                                                   
      7902 FORD       ANALYST         7566 03-DEC-81       3000                    20                                                                                                                   

SQL> --Q308
SQL> SELECT *
  2  FROM EMPW
  3  WHERE SAL BETWEEN 2500 AND 5000
  4  AND DEPTNO IN(10,2);
FROM EMPW
     *
ERROR at line 2:
ORA-00942: table or view does not exist 


SQL> ED
Wrote file afiedt.buf

  1  SELECT *
  2  FROM EMP
  3  WHERE SAL BETWEEN 2500 AND 5000
  4* AND DEPTNO IN(10,2)
SQL> /

     EMPNO ENAME      JOB              MGR HIREDATE         SAL       COMM     DEPTNO                                                                                                                   
---------- ---------- --------- ---------- --------- ---------- ---------- ----------                                                                                                                   
      7839 KING       PRESIDENT            17-NOV-81       5000                    10                                                                                                                   

SQL> --Q309
SQL> SELECT *
  2  run
  3  
SQL> SELECT *
  2  FROM EMP
  3  WHERE JOB NOT IN ('PRESIDENT', 'CLERK');

     EMPNO ENAME      JOB              MGR HIREDATE         SAL       COMM     DEPTNO                                                                                                                   
---------- ---------- --------- ---------- --------- ---------- ---------- ----------                                                                                                                   
      7499 ALLEN      SALESMAN        7698 20-FEB-81       1600        300         30                                                                                                                   
      7521 WARD       SALESMAN        7698 22-FEB-81       1250        500         30                                                                                                                   
      7566 JONES      MANAGER         7839 02-APR-81       2975                    20                                                                                                                   
      7654 MARTIN     SALESMAN        7698 28-SEP-81       1250       1400         30                                                                                                                   
      7698 BLAKE      MANAGER         7839 01-MAY-81       2850                    30                                                                                                                   
      7782 CLARK      MANAGER         7839 09-JUN-81       2450                    10                                                                                                                   
      7788 SCOTT      ANALYST         7566 19-APR-87       3000                    20                                                                                                                   
      7844 TURNER     SALESMAN        7698 08-SEP-81       1500          0         30                                                                                                                   
      7902 FORD       ANALYST         7566 03-DEC-81       3000                    20                                                                                                                   

9 rows selected.

SQL> SPOOL OFF;
